{"num_qubits": 10, "num_s_up": 3, "num_s_down": 2, "gse": -2149.30236611904, "core_energy": -2137.1154716739516, "hf_energy": 87963941772.0, "max_ci2_coeff": 0.8686629164930662, "s_squared": 0.75}
