{"num_qubits": 10, "num_s_up": 4, "num_s_down": 1, "gse": -2149.3310407137255, "core_energy": -2139.605199542059, "hf_energy": -2148.58858402, "max_ci2_coeff": 9.74090792e-01, "s_squared": 3.75}
